{
  "audio_features" : [ {
    "danceability" : 0.749,
    "energy" : 0.839,
    "key" : 6,
    "loudness" : -4.847,
    "mode" : 1,
    "speechiness" : 0.297,
    "acousticness" : 0.0867,
    "instrumentalness" : 0,
    "liveness" : 0.204,
    "valence" : 0.804,
    "tempo" : 172.068,
    "type" : "audio_features",
    "id" : "55mcupbf7cIsuCEVAuTJVk",
    "uri" : "spotify:track:55mcupbf7cIsuCEVAuTJVk",
    "track_href" : "https://api.spotify.com/v1/tracks/55mcupbf7cIsuCEVAuTJVk",
    "analysis_url" : "https://api.spotify.com/v1/audio-analysis/55mcupbf7cIsuCEVAuTJVk",
    "duration_ms" : 111000,
    "time_signature" : 4
  }, {
    "danceability" : 0.573,
    "energy" : 0.581,
    "key" : 10,
    "loudness" : -9.026,
    "mode" : 0,
    "speechiness" : 0.339,
    "acousticness" : 0.753,
    "instrumentalness" : 0.00000139,
    "liveness" : 0.130,
    "valence" : 0.351,
    "tempo" : 76.506,
    "type" : "audio_features",
    "id" : "57RtLWT7IpugV0yi5bsxJk",
    "uri" : "spotify:track:57RtLWT7IpugV0yi5bsxJk",
    "track_href" : "https://api.spotify.com/v1/tracks/57RtLWT7IpugV0yi5bsxJk",
    "analysis_url" : "https://api.spotify.com/v1/audio-analysis/57RtLWT7IpugV0yi5bsxJk",
    "duration_ms" : 169347,
    "time_signature" : 4
  }, {
    "danceability" : 0.800,
    "energy" : 0.719,
    "key" : 7,
    "loudness" : -6.262,
    "mode" : 1,
    "speechiness" : 0.234,
    "acousticness" : 0.109,
    "instrumentalness" : 0,
    "liveness" : 0.0580,
    "valence" : 0.815,
    "tempo" : 143.975,
    "type" : "audio_features",
    "id" : "5VyfAfp2Yt3qaeuvq55ll3",
    "uri" : "spotify:track:5VyfAfp2Yt3qaeuvq55ll3",
    "track_href" : "https://api.spotify.com/v1/tracks/5VyfAfp2Yt3qaeuvq55ll3",
    "analysis_url" : "https://api.spotify.com/v1/audio-analysis/5VyfAfp2Yt3qaeuvq55ll3",
    "duration_ms" : 230854,
    "time_signature" : 4
  }, {
    "danceability" : 0.778,
    "energy" : 0.632,
    "key" : 8,
    "loudness" : -6.415,
    "mode" : 1,
    "speechiness" : 0.125,
    "acousticness" : 0.0404,
    "instrumentalness" : 0,
    "liveness" : 0.0912,
    "valence" : 0.827,
    "tempo" : 140.951,
    "type" : "audio_features",
    "id" : "3eWHY75nDgte70hh5yf4UW",
    "uri" : "spotify:track:3eWHY75nDgte70hh5yf4UW",
    "track_href" : "https://api.spotify.com/v1/tracks/3eWHY75nDgte70hh5yf4UW",
    "analysis_url" : "https://api.spotify.com/v1/audio-analysis/3eWHY75nDgte70hh5yf4UW",
    "duration_ms" : 224029,
    "time_signature" : 4
  }, {
    "danceability" : 0.797,
    "energy" : 0.852,
    "key" : 8,
    "loudness" : -5.202,
    "mode" : 1,
    "speechiness" : 0.241,
    "acousticness" : 0.0555,
    "instrumentalness" : 0.0000245,
    "liveness" : 0.0536,
    "valence" : 0.480,
    "tempo" : 136.035,
    "type" : "audio_features",
    "id" : "2UwrB6Ge6mPfUV8yGvAfX7",
    "uri" : "spotify:track:2UwrB6Ge6mPfUV8yGvAfX7",
    "track_href" : "https://api.spotify.com/v1/tracks/2UwrB6Ge6mPfUV8yGvAfX7",
    "analysis_url" : "https://api.spotify.com/v1/audio-analysis/2UwrB6Ge6mPfUV8yGvAfX7",
    "duration_ms" : 102353,
    "time_signature" : 4
  }, {
    "danceability" : 0.743,
    "energy" : 0.663,
    "key" : 2,
    "loudness" : -8.470,
    "mode" : 1,
    "speechiness" : 0.0507,
    "acousticness" : 0.0148,
    "instrumentalness" : 0.000666,
    "liveness" : 0.393,
    "valence" : 0.415,
    "tempo" : 132.012,
    "type" : "audio_features",
    "id" : "4HolRqFuNvTvoLR2l1gexi",
    "uri" : "spotify:track:4HolRqFuNvTvoLR2l1gexi",
    "track_href" : "https://api.spotify.com/v1/tracks/4HolRqFuNvTvoLR2l1gexi",
    "analysis_url" : "https://api.spotify.com/v1/audio-analysis/4HolRqFuNvTvoLR2l1gexi",
    "duration_ms" : 100000,
    "time_signature" : 4
  }, {
    "danceability" : 0.915,
    "energy" : 0.551,
    "key" : 8,
    "loudness" : -10.490,
    "mode" : 1,
    "speechiness" : 0.343,
    "acousticness" : 0.0342,
    "instrumentalness" : 0,
    "liveness" : 0.102,
    "valence" : 0.753,
    "tempo" : 124.906,
    "type" : "audio_features",
    "id" : "6dS1JCvtMJQ1O9bseVLyJz",
    "uri" : "spotify:track:6dS1JCvtMJQ1O9bseVLyJz",
    "track_href" : "https://api.spotify.com/v1/tracks/6dS1JCvtMJQ1O9bseVLyJz",
    "analysis_url" : "https://api.spotify.com/v1/audio-analysis/6dS1JCvtMJQ1O9bseVLyJz",
    "duration_ms" : 88320,
    "time_signature" : 4
  }, {
    "danceability" : 0.798,
    "energy" : 0.835,
    "key" : 9,
    "loudness" : -3.832,
    "mode" : 1,
    "speechiness" : 0.202,
    "acousticness" : 0.165,
    "instrumentalness" : 0,
    "liveness" : 0.112,
    "valence" : 0.609,
    "tempo" : 150.040,
    "type" : "audio_features",
    "id" : "3zCWbPJVp1egCgyoMYAsDN",
    "uri" : "spotify:track:3zCWbPJVp1egCgyoMYAsDN",
    "track_href" : "https://api.spotify.com/v1/tracks/3zCWbPJVp1egCgyoMYAsDN",
    "analysis_url" : "https://api.spotify.com/v1/audio-analysis/3zCWbPJVp1egCgyoMYAsDN",
    "duration_ms" : 139240,
    "time_signature" : 4
  }, {
    "danceability" : 0.827,
    "energy" : 0.804,
    "key" : 9,
    "loudness" : -5.846,
    "mode" : 1,
    "speechiness" : 0.128,
    "acousticness" : 0.455,
    "instrumentalness" : 0.00000141,
    "liveness" : 0.272,
    "valence" : 0.566,
    "tempo" : 146.079,
    "type" : "audio_features",
    "id" : "0O4U6fVE1TwWYhM4fKr1Fh",
    "uri" : "spotify:track:0O4U6fVE1TwWYhM4fKr1Fh",
    "track_href" : "https://api.spotify.com/v1/tracks/0O4U6fVE1TwWYhM4fKr1Fh",
    "analysis_url" : "https://api.spotify.com/v1/audio-analysis/0O4U6fVE1TwWYhM4fKr1Fh",
    "duration_ms" : 178588,
    "time_signature" : 4
  }, {
    "danceability" : 0.830,
    "energy" : 0.707,
    "key" : 2,
    "loudness" : -5.777,
    "mode" : 1,
    "speechiness" : 0.277,
    "acousticness" : 0.167,
    "instrumentalness" : 0,
    "liveness" : 0.0797,
    "valence" : 0.682,
    "tempo" : 146.154,
    "type" : "audio_features",
    "id" : "3yFf0EtFwkiVSbf8CK4CB3",
    "uri" : "spotify:track:3yFf0EtFwkiVSbf8CK4CB3",
    "track_href" : "https://api.spotify.com/v1/tracks/3yFf0EtFwkiVSbf8CK4CB3",
    "analysis_url" : "https://api.spotify.com/v1/audio-analysis/3yFf0EtFwkiVSbf8CK4CB3",
    "duration_ms" : 190685,
    "time_signature" : 4
  }, {
    "danceability" : 0.792,
    "energy" : 0.536,
    "key" : 9,
    "loudness" : -10.784,
    "mode" : 1,
    "speechiness" : 0.0793,
    "acousticness" : 0.000809,
    "instrumentalness" : 0.00245,
    "liveness" : 0.0804,
    "valence" : 0.451,
    "tempo" : 100.047,
    "type" : "audio_features",
    "id" : "4KMKVNmgBs8L2MMkJ3iDtG",
    "uri" : "spotify:track:4KMKVNmgBs8L2MMkJ3iDtG",
    "track_href" : "https://api.spotify.com/v1/tracks/4KMKVNmgBs8L2MMkJ3iDtG",
    "analysis_url" : "https://api.spotify.com/v1/audio-analysis/4KMKVNmgBs8L2MMkJ3iDtG",
    "duration_ms" : 149000,
    "time_signature" : 4
  }, {
    "danceability" : 0.640,
    "energy" : 0.852,
    "key" : 5,
    "loudness" : -6.810,
    "mode" : 0,
    "speechiness" : 0.0390,
    "acousticness" : 0.00418,
    "instrumentalness" : 0.00000108,
    "liveness" : 0.146,
    "valence" : 0.861,
    "tempo" : 145.009,
    "type" : "audio_features",
    "id" : "2ODYKhD4xlPViKP4LrNAwD",
    "uri" : "spotify:track:2ODYKhD4xlPViKP4LrNAwD",
    "track_href" : "https://api.spotify.com/v1/tracks/2ODYKhD4xlPViKP4LrNAwD",
    "analysis_url" : "https://api.spotify.com/v1/audio-analysis/2ODYKhD4xlPViKP4LrNAwD",
    "duration_ms" : 190000,
    "time_signature" : 4
  }, {
    "danceability" : 0.774,
    "energy" : 0.853,
    "key" : 1,
    "loudness" : -6.933,
    "mode" : 1,
    "speechiness" : 0.246,
    "acousticness" : 0.0275,
    "instrumentalness" : 0,
    "liveness" : 0.0876,
    "valence" : 0.619,
    "tempo" : 123.041,
    "type" : "audio_features",
    "id" : "6tQB8rJfdvILrxIxuKIRMu",
    "uri" : "spotify:track:6tQB8rJfdvILrxIxuKIRMu",
    "track_href" : "https://api.spotify.com/v1/tracks/6tQB8rJfdvILrxIxuKIRMu",
    "analysis_url" : "https://api.spotify.com/v1/audio-analysis/6tQB8rJfdvILrxIxuKIRMu",
    "duration_ms" : 106000,
    "time_signature" : 4
  }, {
    "danceability" : 0.839,
    "energy" : 0.629,
    "key" : 3,
    "loudness" : -5.663,
    "mode" : 0,
    "speechiness" : 0.147,
    "acousticness" : 0.241,
    "instrumentalness" : 0,
    "liveness" : 0.108,
    "valence" : 0.724,
    "tempo" : 94.008,
    "type" : "audio_features",
    "id" : "4sTDuXa8uGDHwJdsXUqIBo",
    "uri" : "spotify:track:4sTDuXa8uGDHwJdsXUqIBo",
    "track_href" : "https://api.spotify.com/v1/tracks/4sTDuXa8uGDHwJdsXUqIBo",
    "analysis_url" : "https://api.spotify.com/v1/audio-analysis/4sTDuXa8uGDHwJdsXUqIBo",
    "duration_ms" : 207772,
    "time_signature" : 4
  }, {
    "danceability" : 0.668,
    "energy" : 0.459,
    "key" : 6,
    "loudness" : -12.072,
    "mode" : 0,
    "speechiness" : 0.118,
    "acousticness" : 0.0499,
    "instrumentalness" : 0.00000100,
    "liveness" : 0.408,
    "valence" : 0.525,
    "tempo" : 159.021,
    "type" : "audio_features",
    "id" : "4zHabeonyLGTgnR9R5RY3X",
    "uri" : "spotify:track:4zHabeonyLGTgnR9R5RY3X",
    "track_href" : "https://api.spotify.com/v1/tracks/4zHabeonyLGTgnR9R5RY3X",
    "analysis_url" : "https://api.spotify.com/v1/audio-analysis/4zHabeonyLGTgnR9R5RY3X",
    "duration_ms" : 186415,
    "time_signature" : 4
  }, {
    "danceability" : 0.816,
    "energy" : 0.433,
    "key" : 1,
    "loudness" : -9.190,
    "mode" : 1,
    "speechiness" : 0.241,
    "acousticness" : 0.00471,
    "instrumentalness" : 0,
    "liveness" : 0.132,
    "valence" : 0.676,
    "tempo" : 147.942,
    "type" : "audio_features",
    "id" : "2lTWOBGyQkBRIgzCtomXSL",
    "uri" : "spotify:track:2lTWOBGyQkBRIgzCtomXSL",
    "track_href" : "https://api.spotify.com/v1/tracks/2lTWOBGyQkBRIgzCtomXSL",
    "analysis_url" : "https://api.spotify.com/v1/audio-analysis/2lTWOBGyQkBRIgzCtomXSL",
    "duration_ms" : 225000,
    "time_signature" : 4
  }, {
    "danceability" : 0.720,
    "energy" : 0.670,
    "key" : 7,
    "loudness" : -8.390,
    "mode" : 1,
    "speechiness" : 0.167,
    "acousticness" : 0.0857,
    "instrumentalness" : 0,
    "liveness" : 0.101,
    "valence" : 0.766,
    "tempo" : 151.124,
    "type" : "audio_features",
    "id" : "3FVdWR0C2QAqXxhW1al2fT",
    "uri" : "spotify:track:3FVdWR0C2QAqXxhW1al2fT",
    "track_href" : "https://api.spotify.com/v1/tracks/3FVdWR0C2QAqXxhW1al2fT",
    "analysis_url" : "https://api.spotify.com/v1/audio-analysis/3FVdWR0C2QAqXxhW1al2fT",
    "duration_ms" : 209801,
    "time_signature" : 4
  }, {
    "danceability" : 0.750,
    "energy" : 0.772,
    "key" : 10,
    "loudness" : -8.706,
    "mode" : 0,
    "speechiness" : 0.157,
    "acousticness" : 0.206,
    "instrumentalness" : 0,
    "liveness" : 0.0748,
    "valence" : 0.561,
    "tempo" : 139.980,
    "type" : "audio_features",
    "id" : "0V5c3isfSfyl7zQDtV9fAp",
    "uri" : "spotify:track:0V5c3isfSfyl7zQDtV9fAp",
    "track_href" : "https://api.spotify.com/v1/tracks/0V5c3isfSfyl7zQDtV9fAp",
    "analysis_url" : "https://api.spotify.com/v1/audio-analysis/0V5c3isfSfyl7zQDtV9fAp",
    "duration_ms" : 224496,
    "time_signature" : 4
  }, {
    "danceability" : 0.705,
    "energy" : 0.970,
    "key" : 8,
    "loudness" : -3.280,
    "mode" : 1,
    "speechiness" : 0.259,
    "acousticness" : 0.241,
    "instrumentalness" : 0,
    "liveness" : 0.289,
    "valence" : 0.766,
    "tempo" : 99.970,
    "type" : "audio_features",
    "id" : "43kQu3PTBhCZCNhzaufAaX",
    "uri" : "spotify:track:43kQu3PTBhCZCNhzaufAaX",
    "track_href" : "https://api.spotify.com/v1/tracks/43kQu3PTBhCZCNhzaufAaX",
    "analysis_url" : "https://api.spotify.com/v1/audio-analysis/43kQu3PTBhCZCNhzaufAaX",
    "duration_ms" : 194138,
    "time_signature" : 4
  }, {
    "danceability" : 0.531,
    "energy" : 0.803,
    "key" : 8,
    "loudness" : -3.929,
    "mode" : 0,
    "speechiness" : 0.339,
    "acousticness" : 0.325,
    "instrumentalness" : 0,
    "liveness" : 0.368,
    "valence" : 0.414,
    "tempo" : 97.510,
    "type" : "audio_features",
    "id" : "75bVc27bDSOAhMAL38cXpV",
    "uri" : "spotify:track:75bVc27bDSOAhMAL38cXpV",
    "track_href" : "https://api.spotify.com/v1/tracks/75bVc27bDSOAhMAL38cXpV",
    "analysis_url" : "https://api.spotify.com/v1/audio-analysis/75bVc27bDSOAhMAL38cXpV",
    "duration_ms" : 191133,
    "time_signature" : 5
  }, {
    "danceability" : 0.784,
    "energy" : 0.902,
    "key" : 11,
    "loudness" : -5.308,
    "mode" : 0,
    "speechiness" : 0.0434,
    "acousticness" : 0.00308,
    "instrumentalness" : 0.000233,
    "liveness" : 0.130,
    "valence" : 0.271,
    "tempo" : 100.007,
    "type" : "audio_features",
    "id" : "481uvgYccF51OUrEzIbop2",
    "uri" : "spotify:track:481uvgYccF51OUrEzIbop2",
    "track_href" : "https://api.spotify.com/v1/tracks/481uvgYccF51OUrEzIbop2",
    "analysis_url" : "https://api.spotify.com/v1/audio-analysis/481uvgYccF51OUrEzIbop2",
    "duration_ms" : 186041,
    "time_signature" : 4
  }, {
    "danceability" : 0.751,
    "energy" : 0.720,
    "key" : 6,
    "loudness" : -4.860,
    "mode" : 1,
    "speechiness" : 0.304,
    "acousticness" : 0.295,
    "instrumentalness" : 0,
    "liveness" : 0.337,
    "valence" : 0.761,
    "tempo" : 140.041,
    "type" : "audio_features",
    "id" : "6mKLhdZIMaHpZ9kbmq9SOS",
    "uri" : "spotify:track:6mKLhdZIMaHpZ9kbmq9SOS",
    "track_href" : "https://api.spotify.com/v1/tracks/6mKLhdZIMaHpZ9kbmq9SOS",
    "analysis_url" : "https://api.spotify.com/v1/audio-analysis/6mKLhdZIMaHpZ9kbmq9SOS",
    "duration_ms" : 197674,
    "time_signature" : 4
  }, {
    "danceability" : 0.816,
    "energy" : 0.667,
    "key" : 7,
    "loudness" : -8.561,
    "mode" : 1,
    "speechiness" : 0.0758,
    "acousticness" : 0.235,
    "instrumentalness" : 0,
    "liveness" : 0.0599,
    "valence" : 0.402,
    "tempo" : 134.985,
    "type" : "audio_features",
    "id" : "0wSGClIhJMGkdamvWSTqX0",
    "uri" : "spotify:track:0wSGClIhJMGkdamvWSTqX0",
    "track_href" : "https://api.spotify.com/v1/tracks/0wSGClIhJMGkdamvWSTqX0",
    "analysis_url" : "https://api.spotify.com/v1/audio-analysis/0wSGClIhJMGkdamvWSTqX0",
    "duration_ms" : 85333,
    "time_signature" : 3
  }, {
    "danceability" : 0.878,
    "energy" : 0.600,
    "key" : 6,
    "loudness" : -7.856,
    "mode" : 1,
    "speechiness" : 0.142,
    "acousticness" : 0.405,
    "instrumentalness" : 0,
    "liveness" : 0.119,
    "valence" : 0.539,
    "tempo" : 75.006,
    "type" : "audio_features",
    "id" : "0gQB2HvjH14xfWVmYEUafn",
    "uri" : "spotify:track:0gQB2HvjH14xfWVmYEUafn",
    "track_href" : "https://api.spotify.com/v1/tracks/0gQB2HvjH14xfWVmYEUafn",
    "analysis_url" : "https://api.spotify.com/v1/audio-analysis/0gQB2HvjH14xfWVmYEUafn",
    "duration_ms" : 183891,
    "time_signature" : 4
  }, {
    "danceability" : 0.754,
    "energy" : 0.475,
    "key" : 1,
    "loudness" : -10.889,
    "mode" : 1,
    "speechiness" : 0.154,
    "acousticness" : 0.523,
    "instrumentalness" : 0,
    "liveness" : 0.113,
    "valence" : 0.235,
    "tempo" : 117.006,
    "type" : "audio_features",
    "id" : "1zYBkCM626hfZmjIS1QYiX",
    "uri" : "spotify:track:1zYBkCM626hfZmjIS1QYiX",
    "track_href" : "https://api.spotify.com/v1/tracks/1zYBkCM626hfZmjIS1QYiX",
    "analysis_url" : "https://api.spotify.com/v1/audio-analysis/1zYBkCM626hfZmjIS1QYiX",
    "duration_ms" : 201384,
    "time_signature" : 4
  }, {
    "danceability" : 0.895,
    "energy" : 0.479,
    "key" : 11,
    "loudness" : -9.071,
    "mode" : 0,
    "speechiness" : 0.273,
    "acousticness" : 0.208,
    "instrumentalness" : 0,
    "liveness" : 0.0902,
    "valence" : 0.719,
    "tempo" : 146.049,
    "type" : "audio_features",
    "id" : "3UKwm5G898I1BvYt7uU4t0",
    "uri" : "spotify:track:3UKwm5G898I1BvYt7uU4t0",
    "track_href" : "https://api.spotify.com/v1/tracks/3UKwm5G898I1BvYt7uU4t0",
    "analysis_url" : "https://api.spotify.com/v1/audio-analysis/3UKwm5G898I1BvYt7uU4t0",
    "duration_ms" : 134554,
    "time_signature" : 4
  }, {
    "danceability" : 0.924,
    "energy" : 0.748,
    "key" : 2,
    "loudness" : -3.645,
    "mode" : 1,
    "speechiness" : 0.188,
    "acousticness" : 0.174,
    "instrumentalness" : 0,
    "liveness" : 0.207,
    "valence" : 0.381,
    "tempo" : 121.063,
    "type" : "audio_features",
    "id" : "0br27hgKNVMLyXKS3qjLOu",
    "uri" : "spotify:track:0br27hgKNVMLyXKS3qjLOu",
    "track_href" : "https://api.spotify.com/v1/tracks/0br27hgKNVMLyXKS3qjLOu",
    "analysis_url" : "https://api.spotify.com/v1/audio-analysis/0br27hgKNVMLyXKS3qjLOu",
    "duration_ms" : 209667,
    "time_signature" : 4
  }, {
    "danceability" : 0.827,
    "energy" : 0.703,
    "key" : 2,
    "loudness" : -4.623,
    "mode" : 1,
    "speechiness" : 0.112,
    "acousticness" : 0.0617,
    "instrumentalness" : 0,
    "liveness" : 0.0484,
    "valence" : 0.586,
    "tempo" : 137.043,
    "type" : "audio_features",
    "id" : "6u1rhQAvxkWLeuqUC3iJD0",
    "uri" : "spotify:track:6u1rhQAvxkWLeuqUC3iJD0",
    "track_href" : "https://api.spotify.com/v1/tracks/6u1rhQAvxkWLeuqUC3iJD0",
    "analysis_url" : "https://api.spotify.com/v1/audio-analysis/6u1rhQAvxkWLeuqUC3iJD0",
    "duration_ms" : 214456,
    "time_signature" : 4
  }, {
    "danceability" : 0.641,
    "energy" : 0.673,
    "key" : 6,
    "loudness" : -7.017,
    "mode" : 0,
    "speechiness" : 0.0857,
    "acousticness" : 0.429,
    "instrumentalness" : 0,
    "liveness" : 0.105,
    "valence" : 0.785,
    "tempo" : 149.974,
    "type" : "audio_features",
    "id" : "2MCAs3ttHSuDm1RHL0rqTF",
    "uri" : "spotify:track:2MCAs3ttHSuDm1RHL0rqTF",
    "track_href" : "https://api.spotify.com/v1/tracks/2MCAs3ttHSuDm1RHL0rqTF",
    "analysis_url" : "https://api.spotify.com/v1/audio-analysis/2MCAs3ttHSuDm1RHL0rqTF",
    "duration_ms" : 192107,
    "time_signature" : 4
  }, {
    "danceability" : 0.798,
    "energy" : 0.567,
    "key" : 7,
    "loudness" : -6.610,
    "mode" : 1,
    "speechiness" : 0.416,
    "acousticness" : 0.122,
    "instrumentalness" : 0,
    "liveness" : 0.101,
    "valence" : 0.659,
    "tempo" : 73.679,
    "type" : "audio_features",
    "id" : "7AJKmkPoSxic6mdUSjrbUZ",
    "uri" : "spotify:track:7AJKmkPoSxic6mdUSjrbUZ",
    "track_href" : "https://api.spotify.com/v1/tracks/7AJKmkPoSxic6mdUSjrbUZ",
    "analysis_url" : "https://api.spotify.com/v1/audio-analysis/7AJKmkPoSxic6mdUSjrbUZ",
    "duration_ms" : 94054,
    "time_signature" : 4
  }, {
    "danceability" : 0.847,
    "energy" : 0.845,
    "key" : 1,
    "loudness" : -2.901,
    "mode" : 0,
    "speechiness" : 0.305,
    "acousticness" : 0.279,
    "instrumentalness" : 0,
    "liveness" : 0.0520,
    "valence" : 0.633,
    "tempo" : 142.012,
    "type" : "audio_features",
    "id" : "3VYNqg6APRVQasDJnwlJ6H",
    "uri" : "spotify:track:3VYNqg6APRVQasDJnwlJ6H",
    "track_href" : "https://api.spotify.com/v1/tracks/3VYNqg6APRVQasDJnwlJ6H",
    "analysis_url" : "https://api.spotify.com/v1/audio-analysis/3VYNqg6APRVQasDJnwlJ6H",
    "duration_ms" : 190986,
    "time_signature" : 4
  }, {
    "danceability" : 0.567,
    "energy" : 0.797,
    "key" : 1,
    "loudness" : -3.071,
    "mode" : 0,
    "speechiness" : 0.200,
    "acousticness" : 0.392,
    "instrumentalness" : 0,
    "liveness" : 0.116,
    "valence" : 0.654,
    "tempo" : 110.882,
    "type" : "audio_features",
    "id" : "4CF6itOplqlu7ilwLtYUl3",
    "uri" : "spotify:track:4CF6itOplqlu7ilwLtYUl3",
    "track_href" : "https://api.spotify.com/v1/tracks/4CF6itOplqlu7ilwLtYUl3",
    "analysis_url" : "https://api.spotify.com/v1/audio-analysis/4CF6itOplqlu7ilwLtYUl3",
    "duration_ms" : 218732,
    "time_signature" : 3
  }, {
    "danceability" : 0.752,
    "energy" : 0.905,
    "key" : 11,
    "loudness" : -7.015,
    "mode" : 0,
    "speechiness" : 0.181,
    "acousticness" : 0.0931,
    "instrumentalness" : 0.000739,
    "liveness" : 0.355,
    "valence" : 0.521,
    "tempo" : 150.991,
    "type" : "audio_features",
    "id" : "59wSo3BVsBDZWMRKLwTpdv",
    "uri" : "spotify:track:59wSo3BVsBDZWMRKLwTpdv",
    "track_href" : "https://api.spotify.com/v1/tracks/59wSo3BVsBDZWMRKLwTpdv",
    "analysis_url" : "https://api.spotify.com/v1/audio-analysis/59wSo3BVsBDZWMRKLwTpdv",
    "duration_ms" : 179107,
    "time_signature" : 4
  }, {
    "danceability" : 0.856,
    "energy" : 0.602,
    "key" : 0,
    "loudness" : -8.173,
    "mode" : 0,
    "speechiness" : 0.336,
    "acousticness" : 0.127,
    "instrumentalness" : 0,
    "liveness" : 0.115,
    "valence" : 0.723,
    "tempo" : 142.950,
    "type" : "audio_features",
    "id" : "07whpV2cnsEG3vk4qGxRQN",
    "uri" : "spotify:track:07whpV2cnsEG3vk4qGxRQN",
    "track_href" : "https://api.spotify.com/v1/tracks/07whpV2cnsEG3vk4qGxRQN",
    "analysis_url" : "https://api.spotify.com/v1/audio-analysis/07whpV2cnsEG3vk4qGxRQN",
    "duration_ms" : 77203,
    "time_signature" : 4
  }, {
    "danceability" : 0.450,
    "energy" : 0.952,
    "key" : 2,
    "loudness" : -5.075,
    "mode" : 0,
    "speechiness" : 0.0900,
    "acousticness" : 0.000243,
    "instrumentalness" : 0.00449,
    "liveness" : 0.554,
    "valence" : 0.177,
    "tempo" : 140.046,
    "type" : "audio_features",
    "id" : "2HhCeucatmy92kC1NHJYjQ",
    "uri" : "spotify:track:2HhCeucatmy92kC1NHJYjQ",
    "track_href" : "https://api.spotify.com/v1/tracks/2HhCeucatmy92kC1NHJYjQ",
    "analysis_url" : "https://api.spotify.com/v1/audio-analysis/2HhCeucatmy92kC1NHJYjQ",
    "duration_ms" : 216033,
    "time_signature" : 4
  }, {
    "danceability" : 0.883,
    "energy" : 0.558,
    "key" : 1,
    "loudness" : -6.382,
    "mode" : 0,
    "speechiness" : 0.208,
    "acousticness" : 0.542,
    "instrumentalness" : 0.00000185,
    "liveness" : 0.0934,
    "valence" : 0.537,
    "tempo" : 153.990,
    "type" : "audio_features",
    "id" : "4gohbLz14XeqPbH5uxbZBz",
    "uri" : "spotify:track:4gohbLz14XeqPbH5uxbZBz",
    "track_href" : "https://api.spotify.com/v1/tracks/4gohbLz14XeqPbH5uxbZBz",
    "analysis_url" : "https://api.spotify.com/v1/audio-analysis/4gohbLz14XeqPbH5uxbZBz",
    "duration_ms" : 204179,
    "time_signature" : 4
  }, {
    "danceability" : 0.871,
    "energy" : 0.673,
    "key" : 5,
    "loudness" : -5.363,
    "mode" : 0,
    "speechiness" : 0.352,
    "acousticness" : 0.287,
    "instrumentalness" : 0,
    "liveness" : 0.219,
    "valence" : 0.683,
    "tempo" : 152.085,
    "type" : "audio_features",
    "id" : "35tyQCmxn6cj2r7eAb4JXP",
    "uri" : "spotify:track:35tyQCmxn6cj2r7eAb4JXP",
    "track_href" : "https://api.spotify.com/v1/tracks/35tyQCmxn6cj2r7eAb4JXP",
    "analysis_url" : "https://api.spotify.com/v1/audio-analysis/35tyQCmxn6cj2r7eAb4JXP",
    "duration_ms" : 162960,
    "time_signature" : 4
  }, {
    "danceability" : 0.946,
    "energy" : 0.848,
    "key" : 9,
    "loudness" : -3.668,
    "mode" : 1,
    "speechiness" : 0.158,
    "acousticness" : 0.513,
    "instrumentalness" : 0,
    "liveness" : 0.112,
    "valence" : 0.652,
    "tempo" : 120.026,
    "type" : "audio_features",
    "id" : "3Sd7FiZtfsVHKEvjshCsHC",
    "uri" : "spotify:track:3Sd7FiZtfsVHKEvjshCsHC",
    "track_href" : "https://api.spotify.com/v1/tracks/3Sd7FiZtfsVHKEvjshCsHC",
    "analysis_url" : "https://api.spotify.com/v1/audio-analysis/3Sd7FiZtfsVHKEvjshCsHC",
    "duration_ms" : 184000,
    "time_signature" : 4
  }, {
    "danceability" : 0.912,
    "energy" : 0.577,
    "key" : 2,
    "loudness" : -6.657,
    "mode" : 1,
    "speechiness" : 0.401,
    "acousticness" : 0.106,
    "instrumentalness" : 0,
    "liveness" : 0.0689,
    "valence" : 0.848,
    "tempo" : 140.002,
    "type" : "audio_features",
    "id" : "6yE734jgKBYFAzymZ6Elal",
    "uri" : "spotify:track:6yE734jgKBYFAzymZ6Elal",
    "track_href" : "https://api.spotify.com/v1/tracks/6yE734jgKBYFAzymZ6Elal",
    "analysis_url" : "https://api.spotify.com/v1/audio-analysis/6yE734jgKBYFAzymZ6Elal",
    "duration_ms" : 166853,
    "time_signature" : 4
  }, {
    "danceability" : 0.851,
    "energy" : 0.686,
    "key" : 11,
    "loudness" : -8.143,
    "mode" : 1,
    "speechiness" : 0.222,
    "acousticness" : 0.597,
    "instrumentalness" : 0.00000108,
    "liveness" : 0.111,
    "valence" : 0.752,
    "tempo" : 154.986,
    "type" : "audio_features",
    "id" : "0De4Cl3YncrwWkqJiJfA7k",
    "uri" : "spotify:track:0De4Cl3YncrwWkqJiJfA7k",
    "track_href" : "https://api.spotify.com/v1/tracks/0De4Cl3YncrwWkqJiJfA7k",
    "analysis_url" : "https://api.spotify.com/v1/audio-analysis/0De4Cl3YncrwWkqJiJfA7k",
    "duration_ms" : 195344,
    "time_signature" : 4
  }, {
    "danceability" : 0.742,
    "energy" : 0.423,
    "key" : 1,
    "loudness" : -9.795,
    "mode" : 0,
    "speechiness" : 0.108,
    "acousticness" : 0.832,
    "instrumentalness" : 0.0000104,
    "liveness" : 0.0644,
    "valence" : 0.712,
    "tempo" : 75.026,
    "type" : "audio_features",
    "id" : "5mA2JwcgMq4FIIBKKKLsuW",
    "uri" : "spotify:track:5mA2JwcgMq4FIIBKKKLsuW",
    "track_href" : "https://api.spotify.com/v1/tracks/5mA2JwcgMq4FIIBKKKLsuW",
    "analysis_url" : "https://api.spotify.com/v1/audio-analysis/5mA2JwcgMq4FIIBKKKLsuW",
    "duration_ms" : 194000,
    "time_signature" : 4
  }, {
    "danceability" : 0.696,
    "energy" : 0.805,
    "key" : 1,
    "loudness" : -7.082,
    "mode" : 1,
    "speechiness" : 0.253,
    "acousticness" : 0.203,
    "instrumentalness" : 0.00000760,
    "liveness" : 0.227,
    "valence" : 0.283,
    "tempo" : 131.716,
    "type" : "audio_features",
    "id" : "0E2IUIi4k7klypQqmEcrkt",
    "uri" : "spotify:track:0E2IUIi4k7klypQqmEcrkt",
    "track_href" : "https://api.spotify.com/v1/tracks/0E2IUIi4k7klypQqmEcrkt",
    "analysis_url" : "https://api.spotify.com/v1/audio-analysis/0E2IUIi4k7klypQqmEcrkt",
    "duration_ms" : 149422,
    "time_signature" : 4
  }, {
    "danceability" : 0.699,
    "energy" : 0.610,
    "key" : 9,
    "loudness" : -6.900,
    "mode" : 1,
    "speechiness" : 0.231,
    "acousticness" : 0.00153,
    "instrumentalness" : 0.00000175,
    "liveness" : 0.369,
    "valence" : 0.577,
    "tempo" : 170.103,
    "type" : "audio_features",
    "id" : "27x1z3kAL3Jx5TF4HyikPG",
    "uri" : "spotify:track:27x1z3kAL3Jx5TF4HyikPG",
    "track_href" : "https://api.spotify.com/v1/tracks/27x1z3kAL3Jx5TF4HyikPG",
    "analysis_url" : "https://api.spotify.com/v1/audio-analysis/27x1z3kAL3Jx5TF4HyikPG",
    "duration_ms" : 204000,
    "time_signature" : 4
  }, {
    "danceability" : 0.853,
    "energy" : 0.616,
    "key" : 6,
    "loudness" : -8.239,
    "mode" : 0,
    "speechiness" : 0.264,
    "acousticness" : 0.0104,
    "instrumentalness" : 0,
    "liveness" : 0.0644,
    "valence" : 0.691,
    "tempo" : 125.059,
    "type" : "audio_features",
    "id" : "5UcJfhiAQOqC5MtpwsM20t",
    "uri" : "spotify:track:5UcJfhiAQOqC5MtpwsM20t",
    "track_href" : "https://api.spotify.com/v1/tracks/5UcJfhiAQOqC5MtpwsM20t",
    "analysis_url" : "https://api.spotify.com/v1/audio-analysis/5UcJfhiAQOqC5MtpwsM20t",
    "duration_ms" : 130560,
    "time_signature" : 4
  }, {
    "danceability" : 0.833,
    "energy" : 0.813,
    "key" : 4,
    "loudness" : -5.708,
    "mode" : 0,
    "speechiness" : 0.290,
    "acousticness" : 0.244,
    "instrumentalness" : 0,
    "liveness" : 0.128,
    "valence" : 0.705,
    "tempo" : 154.062,
    "type" : "audio_features",
    "id" : "4VdQCcXDuzb6Ks1yLT9FnO",
    "uri" : "spotify:track:4VdQCcXDuzb6Ks1yLT9FnO",
    "track_href" : "https://api.spotify.com/v1/tracks/4VdQCcXDuzb6Ks1yLT9FnO",
    "analysis_url" : "https://api.spotify.com/v1/audio-analysis/4VdQCcXDuzb6Ks1yLT9FnO",
    "duration_ms" : 217760,
    "time_signature" : 4
  }, {
    "danceability" : 0.850,
    "energy" : 0.853,
    "key" : 8,
    "loudness" : -5.650,
    "mode" : 1,
    "speechiness" : 0.123,
    "acousticness" : 0.0155,
    "instrumentalness" : 0,
    "liveness" : 0.105,
    "valence" : 0.734,
    "tempo" : 142.030,
    "type" : "audio_features",
    "id" : "4uq48sO2YTTJ0l74R9tOdo",
    "uri" : "spotify:track:4uq48sO2YTTJ0l74R9tOdo",
    "track_href" : "https://api.spotify.com/v1/tracks/4uq48sO2YTTJ0l74R9tOdo",
    "analysis_url" : "https://api.spotify.com/v1/audio-analysis/4uq48sO2YTTJ0l74R9tOdo",
    "duration_ms" : 136901,
    "time_signature" : 4
  }, {
    "danceability" : 0.901,
    "energy" : 0.653,
    "key" : 1,
    "loudness" : -6.199,
    "mode" : 1,
    "speechiness" : 0.308,
    "acousticness" : 0.466,
    "instrumentalness" : 0,
    "liveness" : 0.210,
    "valence" : 0.551,
    "tempo" : 132.979,
    "type" : "audio_features",
    "id" : "1UvYiDcJVolpUAQWpwrxNw",
    "uri" : "spotify:track:1UvYiDcJVolpUAQWpwrxNw",
    "track_href" : "https://api.spotify.com/v1/tracks/1UvYiDcJVolpUAQWpwrxNw",
    "analysis_url" : "https://api.spotify.com/v1/audio-analysis/1UvYiDcJVolpUAQWpwrxNw",
    "duration_ms" : 173987,
    "time_signature" : 4
  }, {
    "danceability" : 0.762,
    "energy" : 0.703,
    "key" : 10,
    "loudness" : -7.951,
    "mode" : 0,
    "speechiness" : 0.306,
    "acousticness" : 0.206,
    "instrumentalness" : 0,
    "liveness" : 0.0912,
    "valence" : 0.519,
    "tempo" : 151.329,
    "type" : "audio_features",
    "id" : "0HkoTr9t0f6MeqGoUS3E3e",
    "uri" : "spotify:track:0HkoTr9t0f6MeqGoUS3E3e",
    "track_href" : "https://api.spotify.com/v1/tracks/0HkoTr9t0f6MeqGoUS3E3e",
    "analysis_url" : "https://api.spotify.com/v1/audio-analysis/0HkoTr9t0f6MeqGoUS3E3e",
    "duration_ms" : 247178,
    "time_signature" : 4
  }, {
    "danceability" : 0.726,
    "energy" : 0.715,
    "key" : 5,
    "loudness" : -4.261,
    "mode" : 0,
    "speechiness" : 0.0662,
    "acousticness" : 0.00108,
    "instrumentalness" : 0.0000457,
    "liveness" : 0.182,
    "valence" : 0.767,
    "tempo" : 140.061,
    "type" : "audio_features",
    "id" : "6mkAhxAj1y5zvXWefkd9y7",
    "uri" : "spotify:track:6mkAhxAj1y5zvXWefkd9y7",
    "track_href" : "https://api.spotify.com/v1/tracks/6mkAhxAj1y5zvXWefkd9y7",
    "analysis_url" : "https://api.spotify.com/v1/audio-analysis/6mkAhxAj1y5zvXWefkd9y7",
    "duration_ms" : 183428,
    "time_signature" : 4
  }, {
    "danceability" : 0.864,
    "energy" : 0.629,
    "key" : 1,
    "loudness" : -6.602,
    "mode" : 0,
    "speechiness" : 0.279,
    "acousticness" : 0.0987,
    "instrumentalness" : 0,
    "liveness" : 0.0737,
    "valence" : 0.220,
    "tempo" : 140.025,
    "type" : "audio_features",
    "id" : "3a1kMFVGEPa0dykTF9Sv9m",
    "uri" : "spotify:track:3a1kMFVGEPa0dykTF9Sv9m",
    "track_href" : "https://api.spotify.com/v1/tracks/3a1kMFVGEPa0dykTF9Sv9m",
    "analysis_url" : "https://api.spotify.com/v1/audio-analysis/3a1kMFVGEPa0dykTF9Sv9m",
    "duration_ms" : 190972,
    "time_signature" : 4
  }, {
    "danceability" : 0.666,
    "energy" : 0.589,
    "key" : 0,
    "loudness" : -8.405,
    "mode" : 0,
    "speechiness" : 0.324,
    "acousticness" : 0.555,
    "instrumentalness" : 0,
    "liveness" : 0.114,
    "valence" : 0.776,
    "tempo" : 74.974,
    "type" : "audio_features",
    "id" : "4Y4diRGOGDxZcDh9qYwFVv",
    "uri" : "spotify:track:4Y4diRGOGDxZcDh9qYwFVv",
    "track_href" : "https://api.spotify.com/v1/tracks/4Y4diRGOGDxZcDh9qYwFVv",
    "analysis_url" : "https://api.spotify.com/v1/audio-analysis/4Y4diRGOGDxZcDh9qYwFVv",
    "duration_ms" : 146053,
    "time_signature" : 4
  }, {
    "danceability" : 0.574,
    "energy" : 0.729,
    "key" : 10,
    "loudness" : -5.838,
    "mode" : 0,
    "speechiness" : 0.0965,
    "acousticness" : 0.0406,
    "instrumentalness" : 0.00000405,
    "liveness" : 0.194,
    "valence" : 0.413,
    "tempo" : 110.547,
    "type" : "audio_features",
    "id" : "1rssdvnvf0DZ4s2jdB3DCT",
    "uri" : "spotify:track:1rssdvnvf0DZ4s2jdB3DCT",
    "track_href" : "https://api.spotify.com/v1/tracks/1rssdvnvf0DZ4s2jdB3DCT",
    "analysis_url" : "https://api.spotify.com/v1/audio-analysis/1rssdvnvf0DZ4s2jdB3DCT",
    "duration_ms" : 190239,
    "time_signature" : 5
  }, {
    "danceability" : 0.870,
    "energy" : 0.565,
    "key" : 6,
    "loudness" : -8.884,
    "mode" : 0,
    "speechiness" : 0.230,
    "acousticness" : 0.641,
    "instrumentalness" : 0,
    "liveness" : 0.0688,
    "valence" : 0.619,
    "tempo" : 79.993,
    "type" : "audio_features",
    "id" : "5HIaPHHvXP9D7lcDdFlvf9",
    "uri" : "spotify:track:5HIaPHHvXP9D7lcDdFlvf9",
    "track_href" : "https://api.spotify.com/v1/tracks/5HIaPHHvXP9D7lcDdFlvf9",
    "analysis_url" : "https://api.spotify.com/v1/audio-analysis/5HIaPHHvXP9D7lcDdFlvf9",
    "duration_ms" : 171000,
    "time_signature" : 4
  }, {
    "danceability" : 0.764,
    "energy" : 0.812,
    "key" : 7,
    "loudness" : -4.946,
    "mode" : 1,
    "speechiness" : 0.179,
    "acousticness" : 0.202,
    "instrumentalness" : 0,
    "liveness" : 0.126,
    "valence" : 0.742,
    "tempo" : 139.961,
    "type" : "audio_features",
    "id" : "216QmkNpU3hIjeZtGocb9B",
    "uri" : "spotify:track:216QmkNpU3hIjeZtGocb9B",
    "track_href" : "https://api.spotify.com/v1/tracks/216QmkNpU3hIjeZtGocb9B",
    "analysis_url" : "https://api.spotify.com/v1/audio-analysis/216QmkNpU3hIjeZtGocb9B",
    "duration_ms" : 194973,
    "time_signature" : 4
  }, {
    "danceability" : 0.901,
    "energy" : 0.939,
    "key" : 6,
    "loudness" : -2.762,
    "mode" : 1,
    "speechiness" : 0.274,
    "acousticness" : 0.117,
    "instrumentalness" : 0,
    "liveness" : 0.0643,
    "valence" : 0.805,
    "tempo" : 142.948,
    "type" : "audio_features",
    "id" : "205HNJ73cgpC0LAOnuQiWT",
    "uri" : "spotify:track:205HNJ73cgpC0LAOnuQiWT",
    "track_href" : "https://api.spotify.com/v1/tracks/205HNJ73cgpC0LAOnuQiWT",
    "analysis_url" : "https://api.spotify.com/v1/audio-analysis/205HNJ73cgpC0LAOnuQiWT",
    "duration_ms" : 356347,
    "time_signature" : 4
  }, {
    "danceability" : 0.922,
    "energy" : 0.712,
    "key" : 7,
    "loudness" : -6.024,
    "mode" : 1,
    "speechiness" : 0.171,
    "acousticness" : 0.0779,
    "instrumentalness" : 0.0000396,
    "liveness" : 0.175,
    "valence" : 0.904,
    "tempo" : 104.964,
    "type" : "audio_features",
    "id" : "0jU7JpfPrm7jjaLjFLXZLh",
    "uri" : "spotify:track:0jU7JpfPrm7jjaLjFLXZLh",
    "track_href" : "https://api.spotify.com/v1/tracks/0jU7JpfPrm7jjaLjFLXZLh",
    "analysis_url" : "https://api.spotify.com/v1/audio-analysis/0jU7JpfPrm7jjaLjFLXZLh",
    "duration_ms" : 161800,
    "time_signature" : 4
  }, {
    "danceability" : 0.809,
    "energy" : 0.574,
    "key" : 5,
    "loudness" : -8.546,
    "mode" : 0,
    "speechiness" : 0.385,
    "acousticness" : 0.400,
    "instrumentalness" : 0,
    "liveness" : 0.105,
    "valence" : 0.756,
    "tempo" : 151.974,
    "type" : "audio_features",
    "id" : "6Fn1k9ctMXsh5xrrMRaGQZ",
    "uri" : "spotify:track:6Fn1k9ctMXsh5xrrMRaGQZ",
    "track_href" : "https://api.spotify.com/v1/tracks/6Fn1k9ctMXsh5xrrMRaGQZ",
    "analysis_url" : "https://api.spotify.com/v1/audio-analysis/6Fn1k9ctMXsh5xrrMRaGQZ",
    "duration_ms" : 185493,
    "time_signature" : 4
  }, {
    "danceability" : 0.826,
    "energy" : 0.556,
    "key" : 5,
    "loudness" : -8.516,
    "mode" : 0,
    "speechiness" : 0.191,
    "acousticness" : 0.684,
    "instrumentalness" : 0,
    "liveness" : 0.119,
    "valence" : 0.591,
    "tempo" : 150.067,
    "type" : "audio_features",
    "id" : "1NW4kNeeaRl5xxOnOLsYIJ",
    "uri" : "spotify:track:1NW4kNeeaRl5xxOnOLsYIJ",
    "track_href" : "https://api.spotify.com/v1/tracks/1NW4kNeeaRl5xxOnOLsYIJ",
    "analysis_url" : "https://api.spotify.com/v1/audio-analysis/1NW4kNeeaRl5xxOnOLsYIJ",
    "duration_ms" : 187006,
    "time_signature" : 4
  }, {
    "danceability" : 0.657,
    "energy" : 0.333,
    "key" : 8,
    "loudness" : -13.553,
    "mode" : 1,
    "speechiness" : 0.526,
    "acousticness" : 0.0608,
    "instrumentalness" : 0,
    "liveness" : 0.157,
    "valence" : 0.313,
    "tempo" : 148.168,
    "type" : "audio_features",
    "id" : "4W1RGS4ncIY1yrz38rysN3",
    "uri" : "spotify:track:4W1RGS4ncIY1yrz38rysN3",
    "track_href" : "https://api.spotify.com/v1/tracks/4W1RGS4ncIY1yrz38rysN3",
    "analysis_url" : "https://api.spotify.com/v1/audio-analysis/4W1RGS4ncIY1yrz38rysN3",
    "duration_ms" : 98615,
    "time_signature" : 4
  }, {
    "danceability" : 0.671,
    "energy" : 0.584,
    "key" : 9,
    "loudness" : -9.959,
    "mode" : 0,
    "speechiness" : 0.540,
    "acousticness" : 0.650,
    "instrumentalness" : 0,
    "liveness" : 0.128,
    "valence" : 0.366,
    "tempo" : 119.303,
    "type" : "audio_features",
    "id" : "1LWunyq4LMbOGjPD128dJy",
    "uri" : "spotify:track:1LWunyq4LMbOGjPD128dJy",
    "track_href" : "https://api.spotify.com/v1/tracks/1LWunyq4LMbOGjPD128dJy",
    "analysis_url" : "https://api.spotify.com/v1/audio-analysis/1LWunyq4LMbOGjPD128dJy",
    "duration_ms" : 209440,
    "time_signature" : 5
  }, {
    "danceability" : 0.792,
    "energy" : 0.627,
    "key" : 0,
    "loudness" : -7.464,
    "mode" : 1,
    "speechiness" : 0.275,
    "acousticness" : 0.305,
    "instrumentalness" : 0,
    "liveness" : 0.0780,
    "valence" : 0.645,
    "tempo" : 155.030,
    "type" : "audio_features",
    "id" : "4avTQmRrg717z7AuXqYY0V",
    "uri" : "spotify:track:4avTQmRrg717z7AuXqYY0V",
    "track_href" : "https://api.spotify.com/v1/tracks/4avTQmRrg717z7AuXqYY0V",
    "analysis_url" : "https://api.spotify.com/v1/audio-analysis/4avTQmRrg717z7AuXqYY0V",
    "duration_ms" : 150915,
    "time_signature" : 4
  }, {
    "danceability" : 0.878,
    "energy" : 0.622,
    "key" : 2,
    "loudness" : -6.995,
    "mode" : 1,
    "speechiness" : 0.405,
    "acousticness" : 0.153,
    "instrumentalness" : 0,
    "liveness" : 0.0917,
    "valence" : 0.638,
    "tempo" : 84.991,
    "type" : "audio_features",
    "id" : "3Abk2vuXSoz1z9lJKjJkCr",
    "uri" : "spotify:track:3Abk2vuXSoz1z9lJKjJkCr",
    "track_href" : "https://api.spotify.com/v1/tracks/3Abk2vuXSoz1z9lJKjJkCr",
    "analysis_url" : "https://api.spotify.com/v1/audio-analysis/3Abk2vuXSoz1z9lJKjJkCr",
    "duration_ms" : 163765,
    "time_signature" : 4
  }, {
    "danceability" : 0.789,
    "energy" : 0.840,
    "key" : 9,
    "loudness" : -5.290,
    "mode" : 1,
    "speechiness" : 0.0970,
    "acousticness" : 0.0309,
    "instrumentalness" : 0,
    "liveness" : 0.0916,
    "valence" : 0.494,
    "tempo" : 136.059,
    "type" : "audio_features",
    "id" : "6pjtY9QtWHxTqPkTfGW0ru",
    "uri" : "spotify:track:6pjtY9QtWHxTqPkTfGW0ru",
    "track_href" : "https://api.spotify.com/v1/tracks/6pjtY9QtWHxTqPkTfGW0ru",
    "analysis_url" : "https://api.spotify.com/v1/audio-analysis/6pjtY9QtWHxTqPkTfGW0ru",
    "duration_ms" : 84000,
    "time_signature" : 4
  }, {
    "danceability" : 0.747,
    "energy" : 0.666,
    "key" : 11,
    "loudness" : -7.845,
    "mode" : 1,
    "speechiness" : 0.197,
    "acousticness" : 0.130,
    "instrumentalness" : 0,
    "liveness" : 0.360,
    "valence" : 0.531,
    "tempo" : 77.507,
    "type" : "audio_features",
    "id" : "5wXJNvoVOZBmB9b4EDP8xW",
    "uri" : "spotify:track:5wXJNvoVOZBmB9b4EDP8xW",
    "track_href" : "https://api.spotify.com/v1/tracks/5wXJNvoVOZBmB9b4EDP8xW",
    "analysis_url" : "https://api.spotify.com/v1/audio-analysis/5wXJNvoVOZBmB9b4EDP8xW",
    "duration_ms" : 177213,
    "time_signature" : 4
  }, {
    "danceability" : 0.740,
    "energy" : 0.403,
    "key" : 6,
    "loudness" : -9.311,
    "mode" : 0,
    "speechiness" : 0.0635,
    "acousticness" : 0.509,
    "instrumentalness" : 0.0247,
    "liveness" : 0.104,
    "valence" : 0.331,
    "tempo" : 138.013,
    "type" : "audio_features",
    "id" : "136fhifxcZQYs60Qgac9bm",
    "uri" : "spotify:track:136fhifxcZQYs60Qgac9bm",
    "track_href" : "https://api.spotify.com/v1/tracks/136fhifxcZQYs60Qgac9bm",
    "analysis_url" : "https://api.spotify.com/v1/audio-analysis/136fhifxcZQYs60Qgac9bm",
    "duration_ms" : 173120,
    "time_signature" : 4
  }, {
    "danceability" : 0.809,
    "energy" : 0.653,
    "key" : 0,
    "loudness" : -7.178,
    "mode" : 0,
    "speechiness" : 0.306,
    "acousticness" : 0.335,
    "instrumentalness" : 0,
    "liveness" : 0.110,
    "valence" : 0.639,
    "tempo" : 139.981,
    "type" : "audio_features",
    "id" : "0rs6jxe3647mGSc7l18Cq8",
    "uri" : "spotify:track:0rs6jxe3647mGSc7l18Cq8",
    "track_href" : "https://api.spotify.com/v1/tracks/0rs6jxe3647mGSc7l18Cq8",
    "analysis_url" : "https://api.spotify.com/v1/audio-analysis/0rs6jxe3647mGSc7l18Cq8",
    "duration_ms" : 199093,
    "time_signature" : 4
  }, {
    "danceability" : 0.791,
    "energy" : 0.500,
    "key" : 1,
    "loudness" : -9.805,
    "mode" : 0,
    "speechiness" : 0.420,
    "acousticness" : 0.603,
    "instrumentalness" : 0,
    "liveness" : 0.0993,
    "valence" : 0.492,
    "tempo" : 130.027,
    "type" : "audio_features",
    "id" : "0hkXsgdRk1TAOuOEpzznkI",
    "uri" : "spotify:track:0hkXsgdRk1TAOuOEpzznkI",
    "track_href" : "https://api.spotify.com/v1/tracks/0hkXsgdRk1TAOuOEpzznkI",
    "analysis_url" : "https://api.spotify.com/v1/audio-analysis/0hkXsgdRk1TAOuOEpzznkI",
    "duration_ms" : 170582,
    "time_signature" : 4
  }, {
    "danceability" : 0.722,
    "energy" : 0.736,
    "key" : 3,
    "loudness" : -6.994,
    "mode" : 0,
    "speechiness" : 0.0585,
    "acousticness" : 0.431,
    "instrumentalness" : 0.00000118,
    "liveness" : 0.123,
    "valence" : 0.582,
    "tempo" : 89.860,
    "type" : "audio_features",
    "id" : "5T5mtNBCvVQ01WPr3MRzUY",
    "uri" : "spotify:track:5T5mtNBCvVQ01WPr3MRzUY",
    "track_href" : "https://api.spotify.com/v1/tracks/5T5mtNBCvVQ01WPr3MRzUY",
    "analysis_url" : "https://api.spotify.com/v1/audio-analysis/5T5mtNBCvVQ01WPr3MRzUY",
    "duration_ms" : 208920,
    "time_signature" : 4
  }, {
    "danceability" : 0.808,
    "energy" : 0.648,
    "key" : 4,
    "loudness" : -5.490,
    "mode" : 0,
    "speechiness" : 0.273,
    "acousticness" : 0.396,
    "instrumentalness" : 0,
    "liveness" : 0.117,
    "valence" : 0.658,
    "tempo" : 149.978,
    "type" : "audio_features",
    "id" : "2fl01uGwbppFEci7qij1lU",
    "uri" : "spotify:track:2fl01uGwbppFEci7qij1lU",
    "track_href" : "https://api.spotify.com/v1/tracks/2fl01uGwbppFEci7qij1lU",
    "analysis_url" : "https://api.spotify.com/v1/audio-analysis/2fl01uGwbppFEci7qij1lU",
    "duration_ms" : 180000,
    "time_signature" : 4
  }, {
    "danceability" : 0.787,
    "energy" : 0.572,
    "key" : 1,
    "loudness" : -7.516,
    "mode" : 1,
    "speechiness" : 0.222,
    "acousticness" : 0.145,
    "instrumentalness" : 0,
    "liveness" : 0.0753,
    "valence" : 0.647,
    "tempo" : 155.117,
    "type" : "audio_features",
    "id" : "5fEJDiHWMECUifmNipjvqO",
    "uri" : "spotify:track:5fEJDiHWMECUifmNipjvqO",
    "track_href" : "https://api.spotify.com/v1/tracks/5fEJDiHWMECUifmNipjvqO",
    "analysis_url" : "https://api.spotify.com/v1/audio-analysis/5fEJDiHWMECUifmNipjvqO",
    "duration_ms" : 179413,
    "time_signature" : 4
  }, {
    "danceability" : 0.757,
    "energy" : 0.451,
    "key" : 2,
    "loudness" : -11.121,
    "mode" : 1,
    "speechiness" : 0.292,
    "acousticness" : 0.0485,
    "instrumentalness" : 0.00000156,
    "liveness" : 0.337,
    "valence" : 0.506,
    "tempo" : 150.035,
    "type" : "audio_features",
    "id" : "51SASYrlAU3DByPIsQFT9B",
    "uri" : "spotify:track:51SASYrlAU3DByPIsQFT9B",
    "track_href" : "https://api.spotify.com/v1/tracks/51SASYrlAU3DByPIsQFT9B",
    "analysis_url" : "https://api.spotify.com/v1/audio-analysis/51SASYrlAU3DByPIsQFT9B",
    "duration_ms" : 167062,
    "time_signature" : 4
  }, {
    "danceability" : 0.564,
    "energy" : 0.743,
    "key" : 6,
    "loudness" : -5.782,
    "mode" : 1,
    "speechiness" : 0.220,
    "acousticness" : 0.584,
    "instrumentalness" : 0,
    "liveness" : 0.101,
    "valence" : 0.191,
    "tempo" : 168.849,
    "type" : "audio_features",
    "id" : "03JjVo4OYciAi88SEdtDii",
    "uri" : "spotify:track:03JjVo4OYciAi88SEdtDii",
    "track_href" : "https://api.spotify.com/v1/tracks/03JjVo4OYciAi88SEdtDii",
    "analysis_url" : "https://api.spotify.com/v1/audio-analysis/03JjVo4OYciAi88SEdtDii",
    "duration_ms" : 185667,
    "time_signature" : 4
  }, {
    "danceability" : 0.867,
    "energy" : 0.457,
    "key" : 1,
    "loudness" : -7.908,
    "mode" : 1,
    "speechiness" : 0.237,
    "acousticness" : 0.0987,
    "instrumentalness" : 0,
    "liveness" : 0.0967,
    "valence" : 0.193,
    "tempo" : 101.052,
    "type" : "audio_features",
    "id" : "73csFz02rFRAGhlV7wFajY",
    "uri" : "spotify:track:73csFz02rFRAGhlV7wFajY",
    "track_href" : "https://api.spotify.com/v1/tracks/73csFz02rFRAGhlV7wFajY",
    "analysis_url" : "https://api.spotify.com/v1/audio-analysis/73csFz02rFRAGhlV7wFajY",
    "duration_ms" : 210733,
    "time_signature" : 4
  }, {
    "danceability" : 0.600,
    "energy" : 0.535,
    "key" : 4,
    "loudness" : -12.028,
    "mode" : 1,
    "speechiness" : 0.376,
    "acousticness" : 0.274,
    "instrumentalness" : 0,
    "liveness" : 0.0984,
    "valence" : 0.205,
    "tempo" : 180.036,
    "type" : "audio_features",
    "id" : "3Wy1HGyh2hnHMF0xS2tJqH",
    "uri" : "spotify:track:3Wy1HGyh2hnHMF0xS2tJqH",
    "track_href" : "https://api.spotify.com/v1/tracks/3Wy1HGyh2hnHMF0xS2tJqH",
    "analysis_url" : "https://api.spotify.com/v1/audio-analysis/3Wy1HGyh2hnHMF0xS2tJqH",
    "duration_ms" : 176000,
    "time_signature" : 3
  }, {
    "danceability" : 0.830,
    "energy" : 0.612,
    "key" : 10,
    "loudness" : -7.446,
    "mode" : 0,
    "speechiness" : 0.0790,
    "acousticness" : 0.112,
    "instrumentalness" : 0,
    "liveness" : 0.0892,
    "valence" : 0.252,
    "tempo" : 97.989,
    "type" : "audio_features",
    "id" : "3ZkkwW0R78PahonxsdNZ4U",
    "uri" : "spotify:track:3ZkkwW0R78PahonxsdNZ4U",
    "track_href" : "https://api.spotify.com/v1/tracks/3ZkkwW0R78PahonxsdNZ4U",
    "analysis_url" : "https://api.spotify.com/v1/audio-analysis/3ZkkwW0R78PahonxsdNZ4U",
    "duration_ms" : 243956,
    "time_signature" : 4
  }, {
    "danceability" : 0.533,
    "energy" : 0.593,
    "key" : 11,
    "loudness" : -5.284,
    "mode" : 1,
    "speechiness" : 0.0581,
    "acousticness" : 0.156,
    "instrumentalness" : 0.0262,
    "liveness" : 0.0819,
    "valence" : 0.0888,
    "tempo" : 128.646,
    "type" : "audio_features",
    "id" : "1l4RFBJ96hKYXRBl9AWCVt",
    "uri" : "spotify:track:1l4RFBJ96hKYXRBl9AWCVt",
    "track_href" : "https://api.spotify.com/v1/tracks/1l4RFBJ96hKYXRBl9AWCVt",
    "analysis_url" : "https://api.spotify.com/v1/audio-analysis/1l4RFBJ96hKYXRBl9AWCVt",
    "duration_ms" : 158547,
    "time_signature" : 5
  }, {
    "danceability" : 0.650,
    "energy" : 0.545,
    "key" : 4,
    "loudness" : -7.712,
    "mode" : 0,
    "speechiness" : 0.0514,
    "acousticness" : 0.271,
    "instrumentalness" : 0.00000734,
    "liveness" : 0.102,
    "valence" : 0.113,
    "tempo" : 76.503,
    "type" : "audio_features",
    "id" : "063QMlz0AK9iDJmVZEc2fP",
    "uri" : "spotify:track:063QMlz0AK9iDJmVZEc2fP",
    "track_href" : "https://api.spotify.com/v1/tracks/063QMlz0AK9iDJmVZEc2fP",
    "analysis_url" : "https://api.spotify.com/v1/audio-analysis/063QMlz0AK9iDJmVZEc2fP",
    "duration_ms" : 240924,
    "time_signature" : 4
  }, {
    "danceability" : 0.795,
    "energy" : 0.492,
    "key" : 0,
    "loudness" : -10.775,
    "mode" : 1,
    "speechiness" : 0.326,
    "acousticness" : 0.416,
    "instrumentalness" : 0,
    "liveness" : 0.186,
    "valence" : 0.649,
    "tempo" : 156.990,
    "type" : "audio_features",
    "id" : "5hlashYN7IwHpQ4PLtQNf4",
    "uri" : "spotify:track:5hlashYN7IwHpQ4PLtQNf4",
    "track_href" : "https://api.spotify.com/v1/tracks/5hlashYN7IwHpQ4PLtQNf4",
    "analysis_url" : "https://api.spotify.com/v1/audio-analysis/5hlashYN7IwHpQ4PLtQNf4",
    "duration_ms" : 95533,
    "time_signature" : 4
  }, {
    "danceability" : 0.849,
    "energy" : 0.813,
    "key" : 11,
    "loudness" : -5.335,
    "mode" : 1,
    "speechiness" : 0.439,
    "acousticness" : 0.520,
    "instrumentalness" : 0,
    "liveness" : 0.180,
    "valence" : 0.665,
    "tempo" : 147.039,
    "type" : "audio_features",
    "id" : "3wG9ykVbw7fhfLsoZGPT1E",
    "uri" : "spotify:track:3wG9ykVbw7fhfLsoZGPT1E",
    "track_href" : "https://api.spotify.com/v1/tracks/3wG9ykVbw7fhfLsoZGPT1E",
    "analysis_url" : "https://api.spotify.com/v1/audio-analysis/3wG9ykVbw7fhfLsoZGPT1E",
    "duration_ms" : 145853,
    "time_signature" : 4
  }, {
    "danceability" : 0.828,
    "energy" : 0.748,
    "key" : 1,
    "loudness" : -8.348,
    "mode" : 0,
    "speechiness" : 0.507,
    "acousticness" : 0.639,
    "instrumentalness" : 0,
    "liveness" : 0.340,
    "valence" : 0.580,
    "tempo" : 129.433,
    "type" : "audio_features",
    "id" : "1O4qKxSYi8Hs2nQEXrISZ4",
    "uri" : "spotify:track:1O4qKxSYi8Hs2nQEXrISZ4",
    "track_href" : "https://api.spotify.com/v1/tracks/1O4qKxSYi8Hs2nQEXrISZ4",
    "analysis_url" : "https://api.spotify.com/v1/audio-analysis/1O4qKxSYi8Hs2nQEXrISZ4",
    "duration_ms" : 203048,
    "time_signature" : 4
  }, {
    "danceability" : 0.853,
    "energy" : 0.668,
    "key" : 3,
    "loudness" : -6.995,
    "mode" : 1,
    "speechiness" : 0.447,
    "acousticness" : 0.263,
    "instrumentalness" : 0,
    "liveness" : 0.104,
    "valence" : 0.745,
    "tempo" : 157.995,
    "type" : "audio_features",
    "id" : "5JIeLpAbKtpFrCSWeOAiwo",
    "uri" : "spotify:track:5JIeLpAbKtpFrCSWeOAiwo",
    "track_href" : "https://api.spotify.com/v1/tracks/5JIeLpAbKtpFrCSWeOAiwo",
    "analysis_url" : "https://api.spotify.com/v1/audio-analysis/5JIeLpAbKtpFrCSWeOAiwo",
    "duration_ms" : 165363,
    "time_signature" : 4
  }, {
    "danceability" : 0.689,
    "energy" : 0.680,
    "key" : 7,
    "loudness" : -6.551,
    "mode" : 0,
    "speechiness" : 0.0774,
    "acousticness" : 0.392,
    "instrumentalness" : 0.00000122,
    "liveness" : 0.107,
    "valence" : 0.567,
    "tempo" : 75.445,
    "type" : "audio_features",
    "id" : "7tN7t8ECFVrExNd3qaqT3u",
    "uri" : "spotify:track:7tN7t8ECFVrExNd3qaqT3u",
    "track_href" : "https://api.spotify.com/v1/tracks/7tN7t8ECFVrExNd3qaqT3u",
    "analysis_url" : "https://api.spotify.com/v1/audio-analysis/7tN7t8ECFVrExNd3qaqT3u",
    "duration_ms" : 168574,
    "time_signature" : 4
  }, {
    "danceability" : 0.700,
    "energy" : 0.719,
    "key" : 5,
    "loudness" : -6.120,
    "mode" : 1,
    "speechiness" : 0.0900,
    "acousticness" : 0.725,
    "instrumentalness" : 0,
    "liveness" : 0.116,
    "valence" : 0.429,
    "tempo" : 143.971,
    "type" : "audio_features",
    "id" : "2EMTOyiYWGOIS3qg5jkcQT",
    "uri" : "spotify:track:2EMTOyiYWGOIS3qg5jkcQT",
    "track_href" : "https://api.spotify.com/v1/tracks/2EMTOyiYWGOIS3qg5jkcQT",
    "analysis_url" : "https://api.spotify.com/v1/audio-analysis/2EMTOyiYWGOIS3qg5jkcQT",
    "duration_ms" : 149013,
    "time_signature" : 4
  }, {
    "danceability" : 0.716,
    "energy" : 0.946,
    "key" : 1,
    "loudness" : -3.412,
    "mode" : 1,
    "speechiness" : 0.261,
    "acousticness" : 0.0940,
    "instrumentalness" : 0.0000663,
    "liveness" : 0.0825,
    "valence" : 0.587,
    "tempo" : 139.943,
    "type" : "audio_features",
    "id" : "6KigD0mlF4VGDYiSEzAyYw",
    "uri" : "spotify:track:6KigD0mlF4VGDYiSEzAyYw",
    "track_href" : "https://api.spotify.com/v1/tracks/6KigD0mlF4VGDYiSEzAyYw",
    "analysis_url" : "https://api.spotify.com/v1/audio-analysis/6KigD0mlF4VGDYiSEzAyYw",
    "duration_ms" : 200571,
    "time_signature" : 4
  }, {
    "danceability" : 0.875,
    "energy" : 0.474,
    "key" : 1,
    "loudness" : -8.240,
    "mode" : 1,
    "speechiness" : 0.276,
    "acousticness" : 0.300,
    "instrumentalness" : 0.00000107,
    "liveness" : 0.113,
    "valence" : 0.558,
    "tempo" : 138.027,
    "type" : "audio_features",
    "id" : "66ks5ll4gswiaE7lfb2QMz",
    "uri" : "spotify:track:66ks5ll4gswiaE7lfb2QMz",
    "track_href" : "https://api.spotify.com/v1/tracks/66ks5ll4gswiaE7lfb2QMz",
    "analysis_url" : "https://api.spotify.com/v1/audio-analysis/66ks5ll4gswiaE7lfb2QMz",
    "duration_ms" : 146480,
    "time_signature" : 4
  }, {
    "danceability" : 0.829,
    "energy" : 0.708,
    "key" : 10,
    "loudness" : -5.050,
    "mode" : 1,
    "speechiness" : 0.102,
    "acousticness" : 0.329,
    "instrumentalness" : 0,
    "liveness" : 0.0930,
    "valence" : 0.723,
    "tempo" : 139.961,
    "type" : "audio_features",
    "id" : "7gi31ULI4vzNFUw8pokrfm",
    "uri" : "spotify:track:7gi31ULI4vzNFUw8pokrfm",
    "track_href" : "https://api.spotify.com/v1/tracks/7gi31ULI4vzNFUw8pokrfm",
    "analysis_url" : "https://api.spotify.com/v1/audio-analysis/7gi31ULI4vzNFUw8pokrfm",
    "duration_ms" : 203813,
    "time_signature" : 4
  }, {
    "danceability" : 0.750,
    "energy" : 0.758,
    "key" : 6,
    "loudness" : -7.112,
    "mode" : 0,
    "speechiness" : 0.261,
    "acousticness" : 0.318,
    "instrumentalness" : 0,
    "liveness" : 0.156,
    "valence" : 0.538,
    "tempo" : 131.001,
    "type" : "audio_features",
    "id" : "7Khbx8MgVTwIJe8YBi8tci",
    "uri" : "spotify:track:7Khbx8MgVTwIJe8YBi8tci",
    "track_href" : "https://api.spotify.com/v1/tracks/7Khbx8MgVTwIJe8YBi8tci",
    "analysis_url" : "https://api.spotify.com/v1/audio-analysis/7Khbx8MgVTwIJe8YBi8tci",
    "duration_ms" : 207907,
    "time_signature" : 4
  }, {
    "danceability" : 0.908,
    "energy" : 0.610,
    "key" : 9,
    "loudness" : -5.735,
    "mode" : 1,
    "speechiness" : 0.271,
    "acousticness" : 0.213,
    "instrumentalness" : 0.0000336,
    "liveness" : 0.241,
    "valence" : 0.443,
    "tempo" : 140.006,
    "type" : "audio_features",
    "id" : "2o7n4nINXpjbo9VpsHZ8Ik",
    "uri" : "spotify:track:2o7n4nINXpjbo9VpsHZ8Ik",
    "track_href" : "https://api.spotify.com/v1/tracks/2o7n4nINXpjbo9VpsHZ8Ik",
    "analysis_url" : "https://api.spotify.com/v1/audio-analysis/2o7n4nINXpjbo9VpsHZ8Ik",
    "duration_ms" : 197613,
    "time_signature" : 4
  }, {
    "danceability" : 0.506,
    "energy" : 0.881,
    "key" : 5,
    "loudness" : -5.491,
    "mode" : 0,
    "speechiness" : 0.108,
    "acousticness" : 0.000163,
    "instrumentalness" : 0.00143,
    "liveness" : 0.230,
    "valence" : 0.556,
    "tempo" : 148.084,
    "type" : "audio_features",
    "id" : "4QMaRC93F0aFx3S648CLyh",
    "uri" : "spotify:track:4QMaRC93F0aFx3S648CLyh",
    "track_href" : "https://api.spotify.com/v1/tracks/4QMaRC93F0aFx3S648CLyh",
    "analysis_url" : "https://api.spotify.com/v1/audio-analysis/4QMaRC93F0aFx3S648CLyh",
    "duration_ms" : 187322,
    "time_signature" : 4
  }, {
    "danceability" : 0.581,
    "energy" : 0.850,
    "key" : 5,
    "loudness" : -3.450,
    "mode" : 0,
    "speechiness" : 0.0734,
    "acousticness" : 0.185,
    "instrumentalness" : 0.000460,
    "liveness" : 0.149,
    "valence" : 0.357,
    "tempo" : 152.018,
    "type" : "audio_features",
    "id" : "0PieJw6d3jyki3JTxgZhIr",
    "uri" : "spotify:track:0PieJw6d3jyki3JTxgZhIr",
    "track_href" : "https://api.spotify.com/v1/tracks/0PieJw6d3jyki3JTxgZhIr",
    "analysis_url" : "https://api.spotify.com/v1/audio-analysis/0PieJw6d3jyki3JTxgZhIr",
    "duration_ms" : 178809,
    "time_signature" : 4
  }, {
    "danceability" : 0.568,
    "energy" : 0.788,
    "key" : 2,
    "loudness" : -7.654,
    "mode" : 1,
    "speechiness" : 0.0690,
    "acousticness" : 0.191,
    "instrumentalness" : 0.000176,
    "liveness" : 0.0774,
    "valence" : 0.328,
    "tempo" : 139.959,
    "type" : "audio_features",
    "id" : "3F1vWVOvzgKx7r5ZRp19gu",
    "uri" : "spotify:track:3F1vWVOvzgKx7r5ZRp19gu",
    "track_href" : "https://api.spotify.com/v1/tracks/3F1vWVOvzgKx7r5ZRp19gu",
    "analysis_url" : "https://api.spotify.com/v1/audio-analysis/3F1vWVOvzgKx7r5ZRp19gu",
    "duration_ms" : 219077,
    "time_signature" : 4
  }, {
    "danceability" : 0.640,
    "energy" : 0.957,
    "key" : 8,
    "loudness" : -2.336,
    "mode" : 1,
    "speechiness" : 0.0741,
    "acousticness" : 0.0431,
    "instrumentalness" : 0,
    "liveness" : 0.0789,
    "valence" : 0.692,
    "tempo" : 134.992,
    "type" : "audio_features",
    "id" : "2UREu1Y8CO4jXkbvqAtP7g",
    "uri" : "spotify:track:2UREu1Y8CO4jXkbvqAtP7g",
    "track_href" : "https://api.spotify.com/v1/tracks/2UREu1Y8CO4jXkbvqAtP7g",
    "analysis_url" : "https://api.spotify.com/v1/audio-analysis/2UREu1Y8CO4jXkbvqAtP7g",
    "duration_ms" : 178013,
    "time_signature" : 4
  }, {
    "danceability" : 0.603,
    "energy" : 0.886,
    "key" : 5,
    "loudness" : -3.777,
    "mode" : 0,
    "speechiness" : 0.0837,
    "acousticness" : 0.000450,
    "instrumentalness" : 0,
    "liveness" : 0.260,
    "valence" : 0.395,
    "tempo" : 126.025,
    "type" : "audio_features",
    "id" : "0i8JFpqe9cKwnrcvoNgl1L",
    "uri" : "spotify:track:0i8JFpqe9cKwnrcvoNgl1L",
    "track_href" : "https://api.spotify.com/v1/tracks/0i8JFpqe9cKwnrcvoNgl1L",
    "analysis_url" : "https://api.spotify.com/v1/audio-analysis/0i8JFpqe9cKwnrcvoNgl1L",
    "duration_ms" : 229933,
    "time_signature" : 4
  }, {
    "danceability" : 0.483,
    "energy" : 0.941,
    "key" : 2,
    "loudness" : -3.598,
    "mode" : 0,
    "speechiness" : 0.0575,
    "acousticness" : 0.000526,
    "instrumentalness" : 0.00000350,
    "liveness" : 0.310,
    "valence" : 0.503,
    "tempo" : 156.033,
    "type" : "audio_features",
    "id" : "5O9Dz0h08LuBi0aVvDcylh",
    "uri" : "spotify:track:5O9Dz0h08LuBi0aVvDcylh",
    "track_href" : "https://api.spotify.com/v1/tracks/5O9Dz0h08LuBi0aVvDcylh",
    "analysis_url" : "https://api.spotify.com/v1/audio-analysis/5O9Dz0h08LuBi0aVvDcylh",
    "duration_ms" : 232067,
    "time_signature" : 4
  }, {
    "danceability" : 0.452,
    "energy" : 0.962,
    "key" : 11,
    "loudness" : -3.063,
    "mode" : 0,
    "speechiness" : 0.0831,
    "acousticness" : 0.00901,
    "instrumentalness" : 0,
    "liveness" : 0.0650,
    "valence" : 0.566,
    "tempo" : 164.032,
    "type" : "audio_features",
    "id" : "4Ahphc0UzRSoMpJRHgnGQK",
    "uri" : "spotify:track:4Ahphc0UzRSoMpJRHgnGQK",
    "track_href" : "https://api.spotify.com/v1/tracks/4Ahphc0UzRSoMpJRHgnGQK",
    "analysis_url" : "https://api.spotify.com/v1/audio-analysis/4Ahphc0UzRSoMpJRHgnGQK",
    "duration_ms" : 208827,
    "time_signature" : 4
  }, {
    "danceability" : 0.616,
    "energy" : 0.534,
    "key" : 10,
    "loudness" : -10.264,
    "mode" : 0,
    "speechiness" : 0.483,
    "acousticness" : 0.639,
    "instrumentalness" : 0,
    "liveness" : 0.0844,
    "valence" : 0.556,
    "tempo" : 170.054,
    "type" : "audio_features",
    "id" : "3dl4lXWlOxnGo94OqNtpdq",
    "uri" : "spotify:track:3dl4lXWlOxnGo94OqNtpdq",
    "track_href" : "https://api.spotify.com/v1/tracks/3dl4lXWlOxnGo94OqNtpdq",
    "analysis_url" : "https://api.spotify.com/v1/audio-analysis/3dl4lXWlOxnGo94OqNtpdq",
    "duration_ms" : 146480,
    "time_signature" : 4
  }, {
    "danceability" : 0.802,
    "energy" : 0.549,
    "key" : 5,
    "loudness" : -8.600,
    "mode" : 0,
    "speechiness" : 0.0631,
    "acousticness" : 0.268,
    "instrumentalness" : 0.00496,
    "liveness" : 0.0984,
    "valence" : 0.498,
    "tempo" : 138.984,
    "type" : "audio_features",
    "id" : "3DWDcsDoXRIFynCREIkibM",
    "uri" : "spotify:track:3DWDcsDoXRIFynCREIkibM",
    "track_href" : "https://api.spotify.com/v1/tracks/3DWDcsDoXRIFynCREIkibM",
    "analysis_url" : "https://api.spotify.com/v1/audio-analysis/3DWDcsDoXRIFynCREIkibM",
    "duration_ms" : 184627,
    "time_signature" : 4
  }, {
    "danceability" : 0.767,
    "energy" : 0.659,
    "key" : 7,
    "loudness" : -4.541,
    "mode" : 1,
    "speechiness" : 0.0387,
    "acousticness" : 0.785,
    "instrumentalness" : 0,
    "liveness" : 0.112,
    "valence" : 0.631,
    "tempo" : 90.056,
    "type" : "audio_features",
    "id" : "6fmtZEUoGwxPNvUgr0NJm1",
    "uri" : "spotify:track:6fmtZEUoGwxPNvUgr0NJm1",
    "track_href" : "https://api.spotify.com/v1/tracks/6fmtZEUoGwxPNvUgr0NJm1",
    "analysis_url" : "https://api.spotify.com/v1/audio-analysis/6fmtZEUoGwxPNvUgr0NJm1",
    "duration_ms" : 186720,
    "time_signature" : 4
  }, {
    "danceability" : 0.752,
    "energy" : 0.468,
    "key" : 0,
    "loudness" : -9.966,
    "mode" : 1,
    "speechiness" : 0.333,
    "acousticness" : 0.805,
    "instrumentalness" : 0,
    "liveness" : 0.136,
    "valence" : 0.716,
    "tempo" : 82.795,
    "type" : "audio_features",
    "id" : "2edc1m7WXxdBA61WlxSInp",
    "uri" : "spotify:track:2edc1m7WXxdBA61WlxSInp",
    "track_href" : "https://api.spotify.com/v1/tracks/2edc1m7WXxdBA61WlxSInp",
    "analysis_url" : "https://api.spotify.com/v1/audio-analysis/2edc1m7WXxdBA61WlxSInp",
    "duration_ms" : 179253,
    "time_signature" : 4
  }, {
    "danceability" : 0.797,
    "energy" : 0.654,
    "key" : 8,
    "loudness" : -7.373,
    "mode" : 1,
    "speechiness" : 0.245,
    "acousticness" : 0.633,
    "instrumentalness" : 0,
    "liveness" : 0.106,
    "valence" : 0.640,
    "tempo" : 145.121,
    "type" : "audio_features",
    "id" : "3qjDXaWCalJ9ZzaHBG4j3V",
    "uri" : "spotify:track:3qjDXaWCalJ9ZzaHBG4j3V",
    "track_href" : "https://api.spotify.com/v1/tracks/3qjDXaWCalJ9ZzaHBG4j3V",
    "analysis_url" : "https://api.spotify.com/v1/audio-analysis/3qjDXaWCalJ9ZzaHBG4j3V",
    "duration_ms" : 172520,
    "time_signature" : 4
  } ]
}